{"6824982812": {"expiry_time": 4921534685.03146, "approved_days": 36500, "approved_date": 1767934685.0314593}}